<xml xmlns:o="urn:schemas-microsoft-com:office:office">
 <o:MainFile HRef="../geo_cam_rai1.htm"/>
 <o:File HRef="geo_cam_rai_1301_image001.png" PublicationID="geo_cam_rai_1301"/>
 <o:File HRef="geo_cam_rai_1301_image002.png" PublicationID="geo_cam_rai_1301"/>
 <o:File HRef="geo_cam_rai_1301_image003.png" PublicationID="geo_cam_rai_1301"/>
 <o:File HRef="geo_cam_rai_1301_image004.png" PublicationID="geo_cam_rai_1301"/>
 <o:File HRef="geo_cam_rai_1301_image005.png" PublicationID="geo_cam_rai_1301"/>
 <o:File HRef="geo_cam_rai_1301_image006.png" PublicationID="geo_cam_rai_1301"/>
 <o:File HRef="geo_cam_rai_1301_image007.png" PublicationID="geo_cam_rai_1301"/>
 <o:File HRef="geo_cam_rai_1301_image008.png" PublicationID="geo_cam_rai_1301"/>
 <o:File HRef="geo_cam_rai_1301_image009.png" PublicationID="geo_cam_rai_1301"/>
 <o:File HRef="geo_cam_rai_1301_image010.png" PublicationID="geo_cam_rai_1301"/>
 <o:File HRef="geo_cam_rai_1301_image011.png" PublicationID="geo_cam_rai_1301"/>
 <o:File HRef="geo_cam_rai_1301_image012.png" PublicationID="geo_cam_rai_1301"/>
 <o:File HRef="geo_cam_rai_1301_image013.png" PublicationID="geo_cam_rai_1301"/>
 <o:File HRef="geo_cam_rai_1301_image014.png" PublicationID="geo_cam_rai_1301"/>
 <o:File HRef="geo_cam_rai_1301_image015.png" PublicationID="geo_cam_rai_1301"/>
 <o:File HRef="filelist.xml"/>
</xml>